-86.577,32.523
-87.748,30.593
-85.331,31.857
-87.123,33.04
-86.555,33.978
-85.705,32.098
-86.662,31.736
-85.818,33.742
-85.289,32.891
-85.622,34.184
-86.69,32.853
-88.258,32.028
-87.834,31.688
-85.843,33.266
-85.512,33.648
-85.957,31.379
-87.726,34.731
-87.002,31.416
-86.236,32.956
-86.416,31.251
-86.289,31.71
-86.83,34.156
-85.615,31.394
-87.066,32.38
-85.799,34.459
-86.171,32.597
-87.233,31.104
-86.032,34.019
-87.752,33.747
-87.833,34.465
-85.797,31.095
-87.951,32.837
-87.636,32.768
-85.254,31.494
-85.35,31.19
-85.948,34.755
-86.828,33.528
-88.085,33.773
-87.606,34.877
-87.302,34.554
-85.329,32.607
-86.975,34.807
-86.66,32.171
-85.721,32.422
-86.588,34.731
-87.789,32.332
-87.879,34.116
-86.289,34.33
-88.14,30.722
-87.36,31.556
-86.261,32.332
-86.919,34.507
-87.334,32.613
-88.089,33.274
-85.937,31.792
-85.446,33.262
-85.101,32.376
-86.329,33.667
-86.699,33.269
-88.216,32.559
-86.178,33.368
-85.835,32.85
-87.512,33.236
-87.285,33.82
-88.151,31.366
-87.348,31.993
-87.419,34.151
-109.45,35.645
-109.9,31.75
-111.51,35.771
-110.98,33.715
-109.82,32.865
-109.27,33.068
-114.05,33.864
-112.09,33.495
-114.08,35.286
-110.26,35.406
-111.09,32.178
-111.5,32.966
-110.91,31.482
-112.41,34.65
-114.39,32.685
-91.429,34.36
-91.785,33.185
-92.354,36.312
-94.247,36.354
-93.066,36.285
-92.141,33.521
-92.51,33.596
-93.566,36.364
-91.309,33.309
-93.158,34.069
-90.401,36.364
-92.061,35.535
-92.216,33.905
-93.23,33.249
-92.714,35.208
-90.632,35.828
-94.26,35.523
-90.273,35.198
-90.786,35.28
-92.608,33.938
-91.35,33.789
-91.736,33.601
-92.38,35.119
-93.885,35.478
-91.729,36.355
-93.076,34.545
-92.451,34.311
-90.514,36.098
-93.648,33.718
-92.891,34.337
-93.965,34.05
-91.587,35.757
-91.875,36.139
-91.228,35.613
-91.987,34.244
-93.485,35.499
-93.563,33.272
-91.071,36.071
-90.764,34.78
-91.709,33.979
-94.221,33.697
-93.755,35.221
-91.912,34.779
-93.73,36.031
-92.681,36.291
-93.968,33.385
-90.03,35.807
-91.208,34.733
-93.644,34.559
-93.327,33.689
-93.188,35.968
-92.861,33.574
-92.862,34.983
-90.762,34.468
-93.657,34.177
-90.604,35.587
-94.254,34.485
-93.084,35.33
-91.534,34.808
-92.294,34.767
-90.989,36.315
-90.709,35.016
-92.636,34.616
-94.09,34.881
-92.688,35.921
-94.352,35.294
-94.263,34.017
-91.498,36.19
-92.17,35.874
-92.613,33.207
-92.414,35.566
-94.199,36.051
-91.731,35.25
-91.244,35.196
-93.362,35.039
-122.1,37.717
-119.89,38.633
-120.72,38.429
-121.65,39.648
-120.56,38.168
-122.15,39.187
-122.06,37.942
-124.11,41.735
-120.57,38.769
-119.9,36.638
-122.29,39.63
-123.99,40.747
-115.49,32.963
-117.69,36.709
-118.68,35.296
-119.81,36.155
-122.75,39.023
-120.72,40.612
-118.23,34.089
-120.03,37.035
-122.58,37.986
-120,37.595
-123.43,39.363
-120.67,37.246
-120.79,41.527
-118.96,37.854
-121.53,36.451
-122.33,38.354
-120.81,39.271
-117.86,33.732
-120.95,38.972
-120.85,40.02
-116.8,33.783
-121.39,38.561
-121.29,36.746
-116.98,34.392
-117.06,32.905
-122.44,37.76
-121.28,37.946
-120.59,35.374
-122.33,37.531
-120.07,34.649
-121.91,37.307
-121.97,37.002
-122.12,40.689
-120.53,39.582
-122.5,41.615
-122.05,38.236
-122.77,38.44
-120.96,37.614
-121.66,39.076
-122.14,40.123
-123.07,40.667
-119.17,36.235
-120.23,37.982
-119.05,34.277
-121.78,38.634
-121.42,39.208
-104.87,39.867
-105.8,37.51
-104.84,39.642
-107.11,37.216
-102.53,37.349
-103.06,38.07
-105.2,40.058
-106.09,38.658
-102.52,38.817
-105.61,39.717
-106.07,37.185
-105.5,37.289
-103.79,38.225
-105.42,38.129
-107.91,38.814
-104.97,39.726
-108.59,37.761
-104.89,39.461
-106.71,39.588
-104.29,39.294
-104.75,38.865
-105.3,38.428
-107.65,39.536
-105.5,39.842
-106.07,40.088
-107.01,38.606
-107.27,37.823
-104.96,37.608
-106.27,40.649
-105.14,39.727
-102.64,38.449
-102.55,39.326
-106.31,39.215
-107.8,37.265
-105.21,40.534
-104.38,37.24
-103.57,39.105
-103.13,40.663
-108.51,39.095
-106.92,37.701
-108.14,40.56
-108.58,37.354
-108.15,38.414
-103.8,40.264
-103.7,38.016
-107.77,38.147
-105.72,39.171
-102.41,40.598
-106.9,39.239
-102.43,38.062
-104.62,38.236
-108.28,40.011
-106.33,37.637
-106.95,40.462
-106.21,38.1
-107.67,37.809
-108.37,38.022
-102.33,40.907
-106.07,39.575
-105.16,38.912
-103.14,40.082
-104.73,40.347
-102.48,40.039
-73.355,41.213
-72.715,41.77
-73.213,41.754
-72.54,41.449
-72.94,41.391
-72.093,41.446
-72.358,41.853
-71.988,41.834
-75.56,39.093
-75.612,39.696
-75.342,38.651
-77.013,38.914
-82.38,29.676
-82.236,30.288
-85.639,30.219
-82.142,29.929
-80.685,28.22
-80.206,26.135
-85.187,30.429
-82.131,26.953
-82.469,28.895
-81.824,30
-81.671,26.155
-82.639,30.184
-81.872,27.201
-83.12,29.607
-81.639,30.321
-87.277,30.502
-81.247,29.519
-84.789,29.843
-84.618,30.603
-82.833,29.71
-81.168,26.892
-85.268,29.94
-82.949,30.492
-81.809,27.538
-81.192,26.696
-82.481,28.521
-81.429,27.44
-82.412,27.966
-85.786,30.854
-80.454,27.695
-85.241,30.77
-83.884,30.51
-83.183,30.001
-81.748,28.796
-81.846,26.603
-84.261,30.463
-82.708,29.33
-84.883,30.286
-83.426,30.444
-82.549,27.488
-82.115,29.143
-80.256,27.132
-80.302,25.756
-81.228,24.778
-81.705,30.623
-86.562,30.642
-80.871,27.325
-81.404,28.547
-81.32,28.232
-80.176,26.638
-82.497,28.276
-82.728,27.89
-81.758,27.992
-81.759,29.598
-81.358,29.882
-80.361,27.348
-87.022,30.614
-82.399,27.165
-81.311,28.71
-82.076,28.77
-82.985,30.192
-83.585,30.054
-82.367,30.028
-81.139,29.049
-84.366,30.145
-86.156,30.638
-85.638,30.631
-82.319,31.746
-82.868,31.301
-82.458,31.553
-84.405,31.336
-83.239,33.083
-83.513,34.35
-83.722,33.995
-84.826,34.212
-83.251,31.732
-83.226,31.233
-83.665,32.83
-83.335,32.404
-81.997,31.201
-83.577,30.851
-81.441,32.051
-81.782,32.416
-82.006,33.054
-83.96,33.296
-84.654,31.518
-81.655,30.868
-82.058,32.407
-85.075,33.604
-85.174,34.925
-82.051,30.783
-81.107,32.048
-84.776,32.302
-85.354,34.482
-84.484,34.209
-83.38,33.955
-84.993,31.621
-84.366,33.566
-82.717,30.946
-84.559,33.936
-82.84,31.538
-83.78,31.185
-82.175,33.512
-83.429,31.155
-84.752,33.356
-83.978,32.71
-83.768,31.936
-85.502,34.864
-84.127,34.422
-84.57,30.884
-84.258,33.791
-83.167,32.181
-83.794,32.16
-84.163,31.573
-84.732,33.736
-84.936,31.311
-82.937,30.707
-81.329,32.341
-82.875,34.13
-82.295,32.592
-81.908,32.162
-84.304,34.887
-84.505,33.429
-85.198,34.255
-84.121,34.21
-83.177,34.378
-84.419,33.78
-84.463,34.681
-82.6,33.231
-81.496,31.188
-84.903,34.499
-84.23,30.878
-83.158,33.562
-84.058,33.967
-83.535,34.57
-83.843,34.297
-83.006,33.26
-85.197,33.761
-84.897,32.737
-82.969,34.361
-85.119,33.309
-84.184,33.471
-83.663,32.558
-83.284,31.609
-83.556,34.147
-83.698,33.342
-82.62,31.831
-82.415,33.054
-81.969,32.796
-82.654,32.691
-83.54,32.988
-84.158,33.078
-83.065,31.032
-82.925,32.498
-84.179,31.746
-81.539,31.81
-82.456,33.799
-81.763,31.764
-83.277,30.849
-83.992,34.542
-82.477,33.467
-81.409,31.473
-84.047,32.35
-83.217,34.11
-84.537,32.369
-84.652,33.003
-84.734,31.166
-84.172,31.207
-83.919,33.032
-82.525,32.181
-83.493,33.593
-84.772,34.776
-84.942,32.49
-83.859,33.569
-83.447,33.873
-83.111,33.877
-84.831,33.903
-83.835,32.574
-84.438,34.461
-82.219,31.345
-84.377,33.09
-85.178,34.008
-83.467,32.247
-83.354,33.319
-85.047,31.858
-83.437,34.878
-84.745,31.764
-82.028,33.429
-84.022,33.654
-84.32,32.247
-81.632,32.746
-84.868,30.957
-84.275,33.256
-83.289,34.557
-84.815,32.086
-84.203,32.052
-84.545,32.692
-82.895,33.568
-82.035,32.05
-84.227,32.55
-82.908,32.005
-84.437,31.786
-83.95,30.872
-83.519,31.458
-82.361,32.177
-83.759,34.931
-82.578,32.395
-85.034,33.028
-83.622,31.707
-83.395,32.659
-84.009,34.856
-84.316,32.898
-85.292,34.819
-83.741,33.784
-82.413,31.206
-82.664,33.417
-82.783,32.949
-81.928,31.602
-84.558,32.047
-82.743,32.128
-83.743,34.615
-84.973,34.797
-83.45,31.963
-82.738,33.768
-83.227,32.836
-83.841,31.557
-116.28,43.56
-116.39,44.918
-112.35,42.778
-111.35,42.311
-116.64,47.24
-112.36,43.18
-114.18,43.437
-115.86,43.955
-116.69,48.316
-111.87,43.474
-116.37,48.758
-113.2,43.686
-114.77,43.392
-116.67,43.618
-111.66,42.726
-113.64,42.358
-112.29,44.241
-115.86,46.653
-114.14,44.212
-115.54,43.139
-111.86,42.153
-111.51,44.176
-116.45,43.97
-114.78,42.873
-115.89,45.893
-112.11,43.761
-114.3,42.679
-116.77,47.704
-116.8,46.786
-113.78,44.949
-116.38,46.234
-114.21,42.966
-111.74,43.818
-113.7,42.671
-116.86,46.411
-112.41,42.174
-116.19,42.807
-116.87,44
-112.81,42.77
-116.04,47.418
-111.14,43.72
-114.61,42.489
-115.92,44.656
-116.85,44.392
-91.268,39.965
-89.289,37.147
-89.435,38.882
-88.834,42.299
-90.74,39.95
-89.478,41.386
-90.653,39.169
-89.953,42.077
-90.27,39.976
-88.217,40.137
-89.263,39.528
-87.803,39.346
-88.471,38.737
-89.437,38.598
-88.259,39.508
-87.768,41.838
-87.758,39.009
-88.263,39.272
-88.739,41.897
-88.915,40.178
-88.237,39.77
-88.064,41.856
-87.747,39.668
-88.048,38.398
-88.592,39.07
-88.991,39
-88.223,40.552
-88.955,37.974
-90.178,40.499
-88.234,37.782
-90.383,39.37
-88.367,41.31
-88.536,38.097
-91.188,40.424
-88.282,37.471
-90.946,40.833
-90.12,41.352
-87.834,40.749
-89.315,37.769
-88.14,39.01
-88.915,38.31
-90.342,39.084
-90.236,42.393
-88.895,37.466
-88.338,41.918
-87.842,41.137
-88.425,41.642
-90.291,40.94
-87.984,42.313
-88.904,41.332
-87.72,38.724
-89.352,41.774
-88.566,40.903
-89.365,40.144
-90.67,40.472
-88.354,42.296
-88.884,40.495
-88.953,39.853
-89.878,39.231
-90.019,38.813
-88.994,38.615
-89.295,41.049
-89.913,40.261
-88.743,37.203
-89.812,40.033
-90.73,41.201
-90.175,38.329
-89.501,39.207
-90.215,39.713
-88.626,39.635
-89.309,42.026
-89.665,40.752
-89.349,38.054
-88.577,39.997
-90.886,39.629
-88.573,37.411
-89.133,37.197
-89.274,41.226
-89.797,38.079
-88.095,38.722
-90.508,41.491
-90.002,38.533
-88.541,37.754
-89.646,39.764
-90.579,40.144
-90.478,39.648
-88.799,39.386
-89.802,41.098
-89.643,42.341
-89.541,40.557
-89.248,37.462
-87.692,40.157
-87.817,38.43
-90.623,40.877
-89.377,38.366
-88.401,38.419
-88.18,38.104
-89.868,41.778
-88.03,41.527
-88.972,37.749
-89.082,42.311
-89.225,40.784
-84.941,40.745
-85.1,41.09
-85.892,39.212
-87.315,40.58
-85.341,40.462
-86.45,40.032
-86.218,39.229
-86.584,40.581
-86.345,40.747
-85.727,38.386
-87.12,39.439
-86.497,40.289
-86.437,38.306
-87.107,38.699
-84.943,39.136
-85.502,39.317
-85.017,41.389
-85.396,40.212
-86.901,38.35
-85.899,41.626
-85.157,39.644
-85.863,38.317
-87.258,40.139
-85.07,39.417
-86.241,41.058
-87.558,38.318
-85.649,40.521
-87.037,39.051
-86.066,40.031
-85.791,39.821
-86.108,38.214
-86.453,39.769
-85.406,39.924
-86.126,40.475
-85.477,40.837
-85.98,38.917
-87.134,41.022
-85.031,40.426
-85.436,38.767
-85.627,39.001
-86.101,39.514
-87.419,38.697
-85.833,41.265
-85.428,41.645
-87.395,41.53
-86.779,41.599
-86.485,38.84
-85.719,40.146
-86.142,39.793
-86.269,41.331
-86.833,38.725
-86.054,40.753
-86.54,39.162
-86.887,40.032
-86.413,39.499
-87.402,40.951
-85.414,41.408
-84.94,38.948
-86.518,38.562
-86.818,39.308
-87.219,39.764
-86.696,38.012
-87.237,38.412
-87.087,41.524
-87.849,38.026
-86.69,41.045
-86.84,39.66
-85.005,40.165
-85.241,39.15
-85.476,39.622
-86.242,41.665
-85.766,38.696
-85.78,39.533
-87.013,38.024
-86.654,41.272
-85.009,41.652
-87.395,39.101
-84.989,38.821
-86.881,40.409
-86.045,40.306
-84.917,39.608
-87.557,37.99
-87.444,39.803
-87.391,39.457
-85.806,40.857
-87.363,40.312
-87.304,38.048
-86.097,38.59
-84.987,39.84
-85.21,40.744
-86.832,40.748
-85.502,41.153
-94.472,41.346
-94.712,41.022
-91.371,43.268
-92.864,40.751
-94.916,41.666
-92.058,42.072
-92.345,42.488
-93.923,42.045
-92.346,42.765
-91.863,42.477
-95.155,42.719
-92.781,42.736
-94.633,42.387
-94.856,42.029
-94.966,41.359
-91.118,41.77
-93.266,43.112
-95.612,42.73
-92.323,43.051
-93.791,41.027
-95.156,43.103
-91.32,42.852
-90.427,41.871
-95.369,42.027
-94.022,41.683
-92.422,40.746
-93.79,40.728
-91.377,42.47
-91.156,40.854
-95.143,43.385
-90.822,42.476
-94.689,43.378
-91.85,42.838
-92.781,43.071
-93.249,42.743
-95.615,40.735
-94.384,42.035
-92.785,42.384
-94.451,41.678
-93.722,42.394
-93.722,43.086
-93.212,42.402
-95.81,41.687
-91.543,40.982
-92.288,43.36
-94.217,42.782
-95.507,42.392
-92.061,41.688
-90.556,42.154
-93.062,41.675
-91.963,41.032
-91.569,41.675
-91.162,42.12
-92.175,41.325
-94.217,43.176
-91.417,40.577
-91.631,42.03
-91.262,41.217
-93.327,41.021
-96.205,43.388
-94.018,41.337
-92.643,41.321
-93.069,41.326
-92.973,42.037
-95.642,41.03
-92.82,43.349
-95.954,42.05
-92.841,41.037
-95.159,41.013
-91.085,41.472
-95.639,43.09
-95.633,43.38
-95.166,40.74
-94.689,43.09
-96.207,42.753
-94.684,42.745
-93.631,41.628
-95.68,41.309
-92.547,41.698
-94.232,40.737
-95.093,42.382
-90.579,41.572
-95.318,41.682
-96.182,43.075
-93.529,42.024
-92.548,42.073
-94.692,40.732
-94.275,41.034
-91.949,40.74
-92.416,41.027
-93.56,41.373
-91.707,41.33
-93.329,40.731
-94.179,42.447
-93.725,43.364
-91.846,43.277
-96.233,42.438
-93.266,43.364
-93.75,42.73
-95.345,37.887
-95.283,38.215
-95.253,39.543
-98.569,37.231
-98.767,38.438
-94.787,37.856
-95.563,39.813
-96.926,37.752
-96.608,38.314
-96.254,37.121
-94.787,37.142
-101.72,39.762
-99.828,37.24
-97.147,39.357
-97.652,39.506
-95.729,38.236
-99.343,37.252
-96.944,37.236
-94.785,37.462
-100.43,39.777
-97.14,38.849
-95.118,39.794
-95.256,38.927
-99.323,37.906
-96.239,37.426
-99.317,38.903
-98.228,38.704
-100.85,38.003
-99.913,37.72
-95.273,38.58
-96.82,39.032
-100.48,38.991
-99.87,39.343
-101.32,37.566
-100.42,37.723
-101.78,38.468
-96.223,37.883
-101.78,38.045
-98.064,37.213
-97.409,38.043
-100.88,37.537
-99.853,38.079
-95.784,39.428
-95.391,39.234
-98.203,39.784
-94.754,38.932
-101.27,38.029
-98.122,37.578
-99.258,37.579
-95.259,37.216
-100.49,38.51
-94.98,39.227
-98.199,39.049
-94.805,38.224
-101.06,39.011
-96.148,38.428
-97.65,38.373
-97.086,38.339
-96.53,39.791
-100.39,37.257
-94.851,38.569
-98.2,39.43
-95.701,37.148
-96.64,38.703
-101.78,37.124
-95.988,39.799
-95.352,37.591
-99.89,38.526
-99.899,39.784
-95.727,38.64
-98.76,39.379
-97.675,39.127
-99.207,38.175
-99.348,39.77
-96.306,39.337
-98.732,37.648
-101.07,39.791
-98.018,38.005
-97.648,39.823
-98.217,38.349
-96.672,39.254
-99.334,39.358
-99.31,38.527
-98.773,38.909
-97.612,38.808
-100.92,38.483
-97.363,37.681
-100.88,37.119
-95.71,39.039
-100.45,39.357
-101.74,39.345
-98.795,39.763
-98.72,38.036
-101.75,37.562
-101.31,37.222
-97.433,37.265
-101.03,39.367
-99.846,38.937
-96.202,38.975
-101.76,38.9
-97.077,39.777
-101.36,38.498
-95.752,37.54
-95.737,37.886
-94.693,39.104
-85.281,37.103
-86.183,36.748
-84.951,38.013
-88.986,37.053
-85.933,36.984
-83.758,38.147
-83.702,36.691
-84.681,38.972
-84.226,38.219
-82.665,38.425
-84.842,37.625
-84.081,38.731
-83.346,37.525
-86.452,37.783
-85.672,38.005
-86.699,37.203
-87.889,37.152
-88.27,36.617
-84.433,39.037
-88.953,36.852
-85.123,38.668
-83.049,38.308
-84.933,37.321
-87.482,36.854
-84.169,37.979
-83.74,37.181
-85.135,36.719
-88.081,37.329
-85.407,36.78
-87.105,37.751
-86.249,37.236
-83.098,38.12
-83.971,37.694
-84.495,38.03
-83.701,38.378
-82.749,37.572
-84.868,38.204
-89.065,36.54
-84.874,38.75
-84.55,37.644
-84.602,38.658
-88.647,36.732
-86.339,37.468
-85.536,37.264
-82.858,38.567
-86.805,37.869
-85.915,37.739
-83.2,36.865
-84.321,38.415
-85.88,37.28
-87.568,37.803
-85.165,38.443
-88.953,36.67
-87.544,37.304
-83.992,37.414
-85.704,38.209
-84.587,37.879
-82.797,37.834
-84.539,39.027
-82.957,37.348
-83.906,36.895
-85.694,37.528
-84.084,37.107
-82.705,38.076
-83.697,37.591
-83.37,37.11
-82.815,37.138
-83.34,38.545
-84.678,37.461
-88.329,37.155
-86.873,36.864
-88.075,37.049
-88.651,37.06
-84.473,36.735
-87.236,37.502
-84.272,37.7
-83.061,37.714
-85.27,37.554
-88.322,36.902
-82.516,37.836
-83.798,38.613
-86.13,37.949
-83.597,37.957
-84.849,37.783
-85.633,36.983
-85.713,36.714
-83.892,38.026
-83.261,37.915
-87.145,37.236
-85.465,37.808
-84.014,38.318
-86.879,37.457
-85.448,38.382
-84.809,38.507
-83.697,37.414
-84.352,38.697
-83.205,37.248
-82.411,37.448
-83.854,37.841
-84.6,37.095
-84.051,38.509
-84.331,37.374
-83.434,38.187
-85.054,37.003
-84.57,38.248
-85.213,38.218
-86.581,36.726
-85.337,38.036
-85.348,37.357
-87.175,36.817
-87.864,36.846
-85.354,38.614
-87.931,37.646
-86.425,36.987
-85.19,37.732
-84.835,36.82
-87.687,37.49
-84.127,36.791
-83.505,37.743
-84.731,38.071
-92.366,30.267
-92.822,30.654
-90.941,30.204
-91.055,29.927
-92.059,31.054
-93.339,30.725
-93.043,32.393
-93.653,32.595
-93.814,32.528
-93.292,30.237
-92.13,32.084
-93.215,29.873
-91.865,31.653
-93.034,32.823
-91.536,31.577
-93.758,32.056
-91.12,30.48
-91.198,32.764
-91.078,30.838
-92.378,30.687
-91.711,32.105
-92.569,31.583
-91.8,29.979
-91.287,30.275
-92.601,32.286
-90.151,29.935
-92.75,30.249
-92.039,30.207
-90.576,29.624
-92.186,31.73
-92.659,32.565
-90.804,30.474
-91.186,32.387
-91.858,32.8
-93.095,31.743
-90.059,29.973
-92.116,32.509
-89.781,29.573
-91.531,30.647
-92.477,31.262
-93.342,32.072
-91.726,32.434
-93.558,31.56
-89.89,29.922
-90.396,29.942
-90.729,30.814
-90.758,30.025
-90.531,30.065
-92.103,30.535
-91.782,30.186
-91.367,29.742
-89.931,30.398
-90.463,30.607
-91.315,31.967
-90.736,29.541
-92.387,32.807
-92.222,29.962
-93.214,31.116
-89.979,30.83
-93.343,32.729
-91.263,30.452
-91.424,32.815
-91.386,30.868
-92.637,31.948
-70.218,44.135
-68.262,46.637
-70.328,43.784
-70.388,44.879
-68.416,44.513
-69.785,44.4
-69.128,44.12
-69.542,44.013
-70.705,44.325
-68.722,45.172
-69.334,45.565
-69.857,43.949
-69.854,45.133
-69.118,44.475
-67.55,44.94
-70.663,43.446
-78.803,39.622
-76.577,39.058
-76.613,39.372
-76.518,38.506
-75.831,38.875
-77.011,39.553
-75.951,39.593
-76.972,38.522
-75.984,38.547
-77.414,39.464
-79.309,39.515
-76.29,39.535
-76.86,39.219
-76.054,39.261
-77.124,39.073
-76.882,38.906
-76.099,39.048
-76.598,38.294
-75.769,38.106
-76.114,38.769
-77.774,39.615
-75.595,38.377
-75.263,38.271
-76.617,39.308
-70.302,41.699
-73.21,42.396
-71.102,41.778
-70.613,41.415
-70.971,42.635
-72.574,42.587
-72.571,42.128
-72.621,42.322
-71.276,42.459
-70.091,41.277
-71.154,42.199
-70.819,41.979
-71.073,42.335
-71.84,42.33
-83.557,44.682
-86.634,46.386
-85.904,42.593
-83.536,45.033
-85.177,45.006
-83.867,44.061
-88.399,46.706
-85.318,42.607
-83.917,43.637
-86.044,44.644
-86.427,41.971
-85.051,41.926
-85.076,42.279
-86.022,41.922
-85.101,45.247
-84.513,45.482
-84.498,46.322
-84.859,43.971
-84.573,42.927
-84.643,44.678
-86.947,45.877
-87.971,45.867
-84.782,42.617
-84.908,45.476
-83.701,43.012
-84.416,43.984
-89.804,46.398
-85.575,44.697
-84.616,43.304
-84.597,41.897
-88.605,47.033
-83.068,43.843
-84.47,42.668
-85.079,42.959
-83.572,44.363
-88.562,46.196
-84.838,43.633
-84.404,42.238
-85.561,42.26
-85.124,44.707
-85.613,42.989
-88.238,47.43
-85.832,43.951
-83.233,43.068
-85.765,44.948
-84.066,41.918
-83.868,42.571
-85.593,46.462
-84.988,46.041
-82.952,42.591
-86.135,44.324
-87.607,46.465
-86.305,43.984
-85.354,43.649
-87.566,45.457
-84.335,43.642
-85.146,44.327
-83.484,41.919
-85.184,43.309
-84.145,45.016
-86.216,43.255
-85.807,43.526
-83.306,42.588
-86.292,43.643
-84.131,44.334
-89.284,46.679
-85.346,43.982
-84.152,44.68
-84.63,45.006
-86.05,42.93
-83.926,45.371
-84.654,44.355
-83.998,43.382
-82.598,42.917
-85.528,41.897
-82.764,43.383
-86.237,46.144
-84.134,42.943
-83.434,43.464
-86.042,42.26
-83.759,42.26
-83.198,42.337
-85.55,44.331
-93.47,46.602
-93.279,45.2
-95.743,46.893
-94.837,47.721
-94.071,45.651
-96.41,45.41
-94.037,44.088
-94.696,44.255
-92.602,46.628
-93.75,44.835
-94.373,46.897
-95.605,45
-92.912,45.476
-96.568,46.869
-95.382,47.535
-90.498,47.856
-95.17,43.991
-94.108,46.477
-93.12,44.759
-92.836,44.028
-95.439,45.917
-93.952,43.666
-92.084,43.681
-93.355,43.666
-92.697,44.415
-95.993,45.944
-93.362,44.971
-91.474,43.709
-94.905,47.051
-93.273,45.555
-93.57,47.432
-95.15,43.682
-93.295,45.887
-95.017,45.157
-96.854,48.764
-93.661,48.375
-96.16,44.995
-91.469,47.5
-94.832,48.704
-93.747,44.361
-96.272,44.408
-95.826,44.412
-94.264,44.834
-95.819,47.32
-96.478,48.326
-94.537,43.677
-94.508,45.129
-93.637,45.858
-94.346,46.011
-92.839,43.659
-95.738,44.004
-94.136,44.32
-95.724,43.66
-96.532,47.314
-92.443,44.007
-95.737,46.405
-96.079,48.088
-92.835,46.098
-96.255,44.006
-96.408,47.77
-95.447,45.593
-93.107,44.991
-96.084,47.867
-95.237,44.411
-94.925,44.724
-93.283,44.348
-96.242,43.667
-95.778,48.783
-92.405,47.369
-93.511,44.696
-93.768,45.424
-94.22,44.574
-94.496,45.541
-93.216,44.03
-95.981,45.579
-95.674,45.277
-94.883,46.082
-96.5,45.767
-92.215,44.295
-95.003,46.544
-93.577,44.027
-92.909,44.999
-94.611,43.985
-96.478,46.324
-91.742,44.009
-93.916,45.189
-95.827,44.715
-91.354,31.536
-88.539,34.906
-90.839,31.189
-89.573,33.076
-89.177,34.792
-90.83,33.803
-89.324,33.914
-89.907,33.46
-88.938,33.934
-89.257,33.344
-90.921,31.963
-88.725,32.057
-88.723,33.63
-90.574,34.248
-90.404,31.866
-89.549,31.638
-89.992,34.904
-89.276,31.263
-90.899,31.476
-88.625,30.865
-88.64,31.217
-89.803,33.775
-89.462,30.358
-89.08,30.428
-90.305,32.294
-90.055,33.108
-90.533,33.129
-90.99,32.791
-88.373,34.278
-88.633,30.456
-89.146,31.999
-91.047,31.739
-89.819,31.577
-89.174,31.652
-88.652,32.753
-89.512,34.355
-89.474,31.202
-88.678,32.4
-90.097,31.553
-89.525,32.731
-88.683,34.277
-90.266,33.565
-90.447,31.54
-88.422,33.508
-90.084,32.571
-89.824,31.241
-89.495,34.771
-88.501,33.899
-89.651,33.48
-89.13,32.747
-89.118,32.405
-88.582,33.116
-88.862,33.44
-89.962,34.364
-89.605,30.717
-88.991,31.215
-90.434,31.201
-89.016,34.247
-88.53,34.618
-90.267,34.261
-89.999,32.266
-89.518,32.392
-90.837,32.915
-89.862,31.911
-89.518,31.985
-89.13,30.796
-90.584,33.588
-90.228,33.944
-89.965,34.645
-88.926,34.769
-88.243,34.729
-90.374,34.673
-89,34.489
-90.113,31.137
-90.855,32.342
-90.964,33.354
-88.653,31.65
-89.244,33.587
-91.266,31.176
-89.054,33.093
-89.727,34.055
-90.388,32.798
-92.586,40.19
-94.822,39.963
-95.45,40.424
-91.796,39.206
-93.832,36.7
-94.326,37.497
-94.362,38.245
-93.299,38.294
-90.011,37.343
-92.313,38.99
-94.827,39.723
-90.388,36.724
-93.979,39.659
-91.946,38.825
-92.77,38.087
-89.628,37.359
-93.479,39.417
-90.937,36.948
-94.377,38.689
-93.885,37.73
-92.976,39.506
-93.237,37.015
-91.729,40.408
-94.474,39.254
-94.39,39.601
-92.241,38.54
-92.805,38.855
-91.326,38.025
-93.833,37.416
-93.041,37.675
-93.987,39.961
-94.405,39.881
-91.508,37.63
-92.527,36.929
-90.066,36.299
-91.036,38.427
-91.513,38.449
-94.422,40.203
-93.316,37.216
-93.585,40.108
-93.974,40.333
-93.775,38.387
-93.334,37.917
-95.218,40.096
-92.695,39.149
-91.878,36.787
-90.744,37.539
-94.463,39.024
-94.413,37.148
-90.499,38.286
-93.796,38.745
-92.148,40.137
-92.624,37.661
-93.802,39.066
-93.81,37.055
-91.675,40.086
-90.932,39.032
-93.087,39.833
-93.554,39.78
-94.384,36.622
-92.565,39.83
-90.313,37.504
-91.899,38.148
-91.508,39.77
-93.578,40.428
-92.481,38.239
-89.333,36.844
-92.604,38.636
-91.991,39.511
-91.466,38.937
-92.847,38.365
-89.677,36.588
-94.368,36.905
-94.878,40.36
-91.427,36.637
-91.859,38.465
-92.455,36.632
-89.767,36.193
-89.838,37.71
-93.264,38.71
-91.774,37.922
-91.146,39.361
-94.729,39.315
-93.414,37.614
-92.199,37.846
-93.007,40.475
-91.497,39.535
-92.48,39.428
-94.023,39.321
-90.978,37.366
-90.81,36.617
-90.652,38.784
-93.779,38.051
-90.173,37.908
-90.506,37.84
-90.378,38.654
-93.204,39.124
-92.527,40.467
-92.147,40.439
-89.579,37.043
-91.398,37.125
-92.085,39.775
-89.959,36.847
-93.457,36.715
-93.134,40.21
-93.165,36.651
-91.971,37.295
-94.349,37.85
-91.137,38.765
-90.831,37.957
-90.492,37.114
-92.895,37.267
-94.428,40.475
-92.468,37.227
-90.243,38.628
-112.87,45.186
-107.48,45.51
-108.96,48.46
-111.49,46.306
-109.09,45.313
-104.48,45.556
-111.32,47.434
-110.4,47.915
-105.77,46.324
-105.4,48.792
-104.8,47.174
-112.99,46.121
-104.41,46.371
-109.45,47.111
-114.32,48.268
-111.19,45.664
-106.98,47.207
-112.81,48.627
-109.13,46.39
-113.37,46.438
-110.03,48.56
-112.12,46.12
-110.18,47.048
-114.13,47.653
-112.15,46.814
-111,48.551
-115.36,48.559
-105.73,47.635
-111.93,45.436
-110.87,46.565
-114.97,47.144
-113.97,46.94
-108.39,46.555
-110.55,45.653
-108.29,47
-107.82,48.361
-112.2,48.222
-105.63,45.363
-112.78,46.634
-105.37,46.887
-114.12,46.21
-104.46,47.779
-104.99,48.208
-106.65,45.974
-115.08,47.633
-104.46,48.707
-112.56,45.961
-109.37,45.63
-109.92,45.855
-112.15,47.816
-111.82,48.602
-107.29,46.254
-106.56,48.258
-109.85,46.449
-104.19,46.969
-108.46,45.817
-98.456,40.561
-98.058,42.183
-101.68,41.581
-103.7,41.533
-99.977,41.867
-98.028,41.687
-102.94,42.166
-98.715,42.902
-99.872,42.534
-99.069,40.79
-96.338,41.854
-97.135,41.233
-96.093,40.937
-97.24,42.605
-101.7,40.507
-101.15,42.652
-103,41.197
-98.042,40.521
-97.088,41.558
-96.775,41.916
-99.631,41.386
-96.493,42.426
-103.16,42.727
-99.868,40.837
-102.31,41.081
-96.842,42.468
-96.588,41.521
-96.051,41.264
-101.64,40.112
-97.568,40.534
-98.944,40.171
-100.4,40.549
-99.911,40.191
-96.693,40.249
-102.34,41.528
-99.04,41.83
-99.84,40.554
-101.72,41.897
-98.488,41.567
-98.418,40.894
-98.021,40.877
-99.414,40.154
-101.08,40.516
-101.01,40.203
-98.726,42.487
-101.08,42.042
-98.54,41.208
-97.145,40.162
-96.251,40.393
-98.962,40.494
-101.69,41.175
-99.736,42.87
-103.68,41.211
-97.854,42.629
-96.681,40.797
-100.76,41.074
-100.48,41.512
-99.418,41.87
-101.03,41.556
-97.526,41.963
-98.011,41.155
-103.09,41.702
-97.946,41.399
-95.83,40.393
-98.036,40.15
-96.078,40.666
-96.209,40.139
-101.63,40.844
-99.408,40.489
-97.611,42.271
-97.45,41.516
-97.589,41.185
-100.5,40.181
-95.703,40.126
-99.47,42.507
-97.094,40.546
-96.031,41.143
-96.606,41.218
-103.69,41.867
-97.13,40.876
-102.43,42.554
-98.953,41.199
-103.79,42.432
-97.213,41.94
-97.601,40.173
-100.57,41.976
-96.555,42.159
-98.972,41.55
-96.199,41.516
-97.103,42.199
-98.475,40.18
-98.514,41.91
-97.599,40.868
-118.68,39.495
-115.12,36.139
-119.73,38.951
-115.4,40.997
-117.56,37.83
-116.27,40.011
-117.8,41.312
-117.02,40.027
-114.75,37.836
-119.25,39.178
-118.47,38.525
-116.56,37.896
-118.27,40.428
-119.61,39.386
-119.76,39.704
-114.92,39.307
-119.75,39.161
-71.436,43.515
-71.182,43.823
-72.242,42.912
-71.34,44.614
-71.895,43.896
-71.583,42.896
-71.637,43.278
-71.078,42.963
-70.976,43.258
-72.247,43.344
-74.622,39.448
-74.059,40.93
-74.776,39.955
-75.029,39.869
-74.799,39.088
-75.091,39.4
-74.223,40.773
-75.136,39.753
-74.069,40.74
-74.897,40.573
-74.712,40.253
-74.384,40.494
-74.127,40.286
-74.5,40.867
-74.211,39.919
-74.217,40.946
-75.386,39.629
-74.581,40.567
-74.665,41.1
-74.302,40.658
-75.031,40.803
-106.61,35.101
-108.44,33.957
-104.44,33.356
-107.98,35.05
-104.67,36.568
-103.25,34.481
-104.23,34.365
-106.78,32.274
-104.26,32.527
-108.25,32.709
-104.81,34.863
-103.88,35.898
-108.74,32.025
-103.33,32.728
-105.54,33.618
-106.28,35.872
-107.71,32.176
-108.41,35.568
-104.92,35.987
-105.82,32.789
-103.62,35.111
-106.72,36.448
-103.37,34.123
-106.82,35.549
-108.3,36.578
-105.08,35.501
-106.01,35.589
-107.29,33.095
-107.02,34.174
-105.65,36.527
-106,34.764
-103.42,36.493
-106.77,34.745
-73.849,42.662
-78.026,42.233
-73.873,40.847
-75.888,42.137
-78.638,42.23
-76.565,42.934
-79.346,42.241
-76.79,42.129
-75.607,42.483
-73.59,44.733
-73.656,42.265
-76.1,42.589
-75.004,42.217
-73.807,41.718
-78.796,42.86
-73.738,44.162
-74.309,44.6
-74.365,43.079
-78.17,42.996
-74.016,42.3
-74.506,43.61
-74.97,43.181
-75.945,44.039
-73.952,40.65
-75.451,43.766
-77.77,42.727
-75.686,42.94
-77.63,43.16
-74.395,42.918
-73.603,40.716
-73.974,40.77
-78.848,43.146
-75.391,43.189
-76.179,43.048
-77.262,42.875
-74.279,41.406
-78.239,43.257
-76.247,43.416
-75.037,42.617
-73.731,41.417
-73.82,40.714
-73.595,42.699
-74.141,40.582
-74.015,41.125
-75.162,44.592
-73.807,43.039
-73.972,42.808
-74.439,42.613
-76.872,42.383
-76.828,42.801
-77.363,42.284
-73.026,40.833
-74.747,41.705
-76.328,42.147
-76.481,42.464
-74.147,41.856
-73.753,43.475
-73.445,43.274
-77.056,43.147
-73.794,41.057
-78.198,42.701
-77.073,42.632
-79.414,36.076
-81.183,35.911
-81.137,36.496
-80.1,34.979
-81.493,36.424
-81.923,36.094
-76.914,35.491
-76.988,36.1
-78.589,34.595
-78.226,34.004
-82.531,35.595
-81.636,35.743
-80.589,35.413
-81.523,35.901
-76.177,36.354
-76.766,34.744
-79.32,36.406
-81.248,35.696
-79.283,35.702
-84.009,35.117
-76.626,36.107
-83.791,35.041
-81.531,35.31
-78.677,34.269
-77.062,35.096
-78.907,35.056
-75.957,36.399
-75.656,35.84
-80.198,35.817
-80.543,35.93
-77.988,34.924
-78.9,35.998
-77.64,35.916
-80.245,36.114
-78.308,36.054
-81.166,35.285
-76.743,36.45
-83.802,35.351
-78.654,36.279
-77.685,35.48
-79.847,36.053
-77.658,36.329
-78.782,35.353
-82.961,35.523
-82.471,35.324
-77.003,36.343
-79.24,34.975
-76.216,35.509
-80.87,35.742
-83.184,35.313
-78.368,35.526
-77.379,35.039
-79.168,35.467
-77.631,35.251
-81.208,35.481
-82.038,35.687
-83.366,35.155
-82.672,35.846
-77.124,35.838
-80.831,35.232
-82.143,35.978
-79.903,35.34
-79.45,35.238
-77.927,35.953
-77.895,34.202
-77.47,36.441
-77.373,34.71
-79.097,36.012
-76.751,35.121
-76.246,36.295
-77.899,34.5
-76.45,36.174
-78.992,36.392
-77.391,35.59
-82.208,35.256
-79.812,35.749
-79.715,34.952
-79.107,34.658
-79.774,36.413
-80.516,35.617
-81.927,35.367
-78.386,35.003
-79.47,34.822
-80.232,35.324
-80.267,36.372
-80.67,36.431
-83.447,35.422
-82.758,35.2
-76.243,35.837
-80.57,35
-78.403,36.344
-78.666,35.797
-78.111,36.441
-76.616,35.855
-81.7,36.218
-77.995,35.365
-81.157,36.194
-77.929,35.717
-80.682,36.165
-82.301,35.912
-102.6,46.09
-98.057,46.921
-99.378,48.08
-103.36,46.99
-100.79,48.77
-103.42,46.127
-102.51,48.818
-100.64,46.891
-97.084,46.9
-98.463,48.755
-98.453,46.103
-103.45,48.828
-102.57,47.3
-98.976,47.748
-100.19,46.266
-98.894,47.464
-103.89,46.912
-97.305,47.909
-101.71,46.41
-98.209,47.457
-102.51,46.427
-99.795,46.998
-98.526,46.45
-99.505,46.464
-100.66,48.233
-99.483,46.114
-103.42,47.812
-101.24,47.577
-101.69,47.285
-101.29,46.787
-102.34,48.204
-98.176,47.908
-101.39,47.135
-97.546,48.768
-99.988,48.246
-98.753,48.22
-97.669,46.478
-101.64,48.727
-96.896,46.247
-99.849,48.79
-97.573,46.11
-100.33,47.613
-100.87,46.136
-103.44,46.428
-102.71,46.852
-97.719,47.466
-98.873,46.972
-99.243,48.666
-97.188,47.452
-97.682,48.362
-101.49,48.256
-99.661,47.624
-103.5,48.338
-83.502,38.846
-84.117,40.766
-82.279,40.829
-80.753,41.776
-82.075,39.357
-84.255,40.547
-80.908,40.027
-83.872,38.926
-84.513,39.428
-81.111,40.599
-83.771,40.128
-83.826,39.921
-84.177,39.06
-83.829,39.419
-80.738,40.767
-81.885,40.291
-82.883,40.828
-81.664,41.46
-84.611,40.127
-84.463,41.304
-83.02,40.254
-82.629,41.401
-82.637,39.776
-83.457,39.556
-82.997,39.991
-84.124,41.597
-82.282,38.835
-81.223,41.498
-83.949,39.713
-81.525,40.023
-84.494,39.18
-83.653,41.026
-83.648,40.667
-81.078,40.301
-84.067,41.34
-83.584,39.207
-82.448,39.522
-81.929,40.561
-82.617,41.159
-82.607,39.02
-80.726,40.361
-82.434,40.403
-81.304,41.693
-82.548,38.53
-82.482,40.066
-83.787,40.392
-82.136,41.37
-83.608,41.649
-83.377,39.901
-80.706,41.053
-83.131,40.583
-81.872,41.113
-82.006,39.059
-84.62,40.527
-84.243,40.059
-81.079,39.733
-84.219,39.75
-81.839,39.619
-82.807,40.53
-81.979,39.961
-81.471,39.773
-83.041,41.542
-84.586,41.118
-82.219,39.736
-82.998,39.643
-83.038,39.073
-81.254,41.172
-84.637,39.744
-84.124,41.014
-82.538,40.766
-83.027,39.341
-83.125,41.354
-82.943,38.789
-83.174,41.129
-84.19,40.331
-81.384,40.819
-81.521,41.096
-80.764,41.238
-81.471,40.464
-83.367,40.272
-84.57,40.859
-82.467,39.241
-84.222,39.44
-81.49,39.447
-81.887,40.829
-84.584,41.546
-83.61,41.405
-83.3,40.856
-94.641,35.896
-98.333,36.703
-96.086,34.382
-100.5,36.739
-99.601,35.315
-98.435,35.916
-96.341,33.975
-98.345,35.137
-97.896,35.522
-97.22,34.215
-95.001,35.887
-95.513,34.02
-102.4,36.754
-97.42,35.245
-96.296,34.577
-98.423,34.634
-98.357,34.297
-95.171,36.699
-96.302,35.973
-98.92,35.601
-94.816,36.468
-99.032,36.004
-99.795,36.268
-97.83,36.39
-97.291,34.717
-97.902,35.05
-97.788,36.79
-99.496,34.932
-99.872,34.718
-99.698,36.792
-95.101,35.244
-96.296,35.078
-99.384,34.61
-97.877,34.134
-96.679,34.279
-97.166,36.775
-97.921,35.937
-98.996,34.931
-95.26,34.863
-94.678,34.976
-96.86,35.699
-97.443,35.893
-97.194,33.941
-97.468,35.037
-94.789,34.111
-95.604,35.376
-98.449,36.314
-96.73,34.012
-95.211,36.315
-97.042,34.485
-95.367,35.687
-97.238,36.369
-95.617,36.779
-96.302,35.44
-97.497,35.51
-95.966,35.601
-96.351,36.571
-94.84,36.861
-96.579,36.283
-96.956,36.074
-95.714,34.94
-96.659,34.75
-96.944,35.268
-95.365,34.415
-99.667,35.67
-95.632,36.327
-96.605,35.171
-94.789,35.484
-97.94,34.502
-101.47,36.747
-98.932,34.381
-95.939,36.125
-95.545,35.971
-95.938,36.729
-99.033,35.303
-98.753,36.746
-99.327,36.415
-117.79,44.734
-123.33,44.547
-122.48,45.307
-123.77,46.04
-123.01,45.929
-124.15,43.236
-120.53,44.213
-124.28,42.398
-121.34,43.996
-123.29,43.289
-120.15,45.315
-118.93,44.492
-119.04,43.461
-121.61,45.598
-122.79,42.39
-121.24,44.579
-123.43,42.362
-121.65,42.662
-120.58,42.713
-123.08,43.989
-123.94,44.709
-122.73,44.545
-117.39,43.6
-122.84,44.938
-119.59,45.449
-122.61,45.522
-123.37,44.921
-120.75,45.509
-123.78,45.479
-118.82,45.637
-118.03,45.325
-117.31,45.577
-121.27,45.346
-122.92,45.497
-119.99,44.731
-123.22,45.23
-77.183,39.854
-79.96,40.441
-79.503,40.788
-80.313,40.695
-78.474,40.033
-75.914,40.378
-78.383,40.479
-76.503,41.809
-75.028,40.255
-79.93,40.871
-78.789,40.435
-78.201,41.449
-75.704,40.888
-77.834,40.887
-75.683,39.989
-79.441,41.161
-78.503,40.984
-77.543,41.179
-76.394,41.042
-80.119,41.664
-77.134,40.201
-76.805,40.324
-75.351,39.913
-78.655,41.422
-80.057,42.052
-79.721,39.955
-79.252,41.513
-77.67,39.893
-78.091,39.924
-80.162,39.859
-77.991,40.392
-79.12,40.633
-78.985,41.097
-77.343,40.556
-75.632,41.433
-76.281,40.068
-80.344,40.982
-76.445,40.35
-75.505,40.606
-75.949,41.18
-76.996,41.269
-78.591,41.845
-80.313,41.294
-77.634,40.588
-75.334,41.051
-75.317,40.171
-76.644,40.999
-75.322,40.703
-76.687,40.863
-77.184,40.423
-75.145,39.998
-75.001,41.329
-77.913,41.785
-76.201,40.717
-77.005,40.779
-79.029,39.998
-76.514,41.461
-75.775,41.811
-77.219,41.784
-77.006,40.953
-79.763,41.399
-79.264,41.839
-80.139,40.183
-75.305,41.578
-79.562,40.326
-75.961,41.537
-76.742,39.927
-71.292,41.723
-71.48,41.704
-71.276,41.542
-71.456,41.853
-71.581,41.455
-82.453,34.238
-81.7,33.552
-81.325,32.994
-82.618,34.532
-81.077,33.234
-81.352,33.304
-80.728,32.358
-79.981,33.127
-80.793,33.669
-79.991,32.81
-81.634,35.08
-81.119,34.699
-80.156,34.654
-80.217,33.677
-80.673,32.889
-79.978,34.329
-79.355,34.394
-80.328,33.044
-81.904,33.771
-81.093,34.384
-79.74,34.065
-79.313,33.424
-82.353,34.861
-82.143,34.188
-81.132,32.796
-78.943,33.846
-81.019,32.446
-80.605,34.292
-80.712,34.695
-82.01,34.487
-80.266,34.185
-81.232,33.949
-82.293,33.887
-79.336,34.155
-79.668,34.644
-81.589,34.265
-83.021,34.715
-80.812,33.464
-82.701,34.829
-80.974,34.035
-81.696,33.988
-82.004,34.962
-80.386,33.932
-81.61,34.719
-79.74,33.633
-81.089,34.982
-98.543,43.705
-98.265,44.407
-101.74,43.25
-97.87,42.997
-96.798,44.345
-98.382,45.539
-99.098,43.751
-99.272,44.047
-103.62,44.754
-100.05,45.761
-98.536,43.189
-97.725,44.853
-96.977,42.888
-97.157,44.939
-101.14,45.75
-103.52,43.693
-98.077,43.691
-97.572,45.374
-96.659,44.747
-101,45.214
-98.357,43.377
-99.206,45.424
-103.56,43.337
-99.104,45.086
-96.712,45.187
-99.205,43.183
-101.47,44.192
-97.179,44.666
-98.985,44.547
-97.786,43.661
-103.51,45.615
-100.16,44.419
-97.743,43.332
-99.464,44.576
-101.67,43.769
-98.554,44.08
-100.69,43.952
-97.466,44.377
-97.1,44.02
-103.8,44.399
-96.722,43.32
-99.809,43.877
-97.379,43.663
-99.253,45.759
-97.581,45.74
-103.09,44.439
-100.79,43.577
-97.6,44.022
-96.742,43.601
-96.659,44.015
-103.11,44.045
-102.44,45.647
-99.93,45.05
-96.948,45.624
-98.12,44.023
-102.49,43.279
-98.38,44.932
-100.58,44.379
-100.09,44.715
-100.82,43.234
-99.878,43.359
-97.132,43.308
-96.658,42.825
-100.14,45.471
-97.385,42.96
-101.68,44.972
-84.188,36.108
-86.443,35.513
-88.077,36.073
-85.18,35.617
-83.969,35.754
-84.863,35.167
-84.14,36.397
-86.064,35.811
-88.443,36.013
-82.188,36.31
-87.08,36.267
-88.609,35.425
-83.666,36.488
-85.549,36.565
-83.146,35.932
-86.116,35.466
-89.121,35.797
-84.998,35.946
-86.766,36.157
-88.116,35.615
-85.853,35.983
-87.356,36.117
-89.359,36.06
-89.399,35.205
-84.938,36.387
-86.1,35.2
-88.898,35.969
-87.027,35.182
-83.501,36.275
-82.844,36.185
-85.728,35.354
-83.284,36.21
-85.23,35.096
-83.218,36.52
-88.997,35.203
-88.208,35.207
-82.923,36.442
-89.278,35.563
-88.378,35.641
-88.305,36.319
-87.445,35.819
-87.736,36.302
-87.773,36.057
-85.663,36.351
-83.438,36.064
-81.847,36.428
-83.956,35.973
-89.485,36.334
-89.524,35.787
-87.376,35.205
-87.515,35.534
-86.583,35.137
-84.296,35.745
-84.596,35.416
-88.551,35.18
-86.011,36.536
-88.827,35.629
-85.633,35.101
-86.776,35.453
-87.065,35.616
-84.804,35.524
-84.33,35.506
-87.37,36.511
-86.357,35.284
-84.615,36.121
-89.093,36.372
-85.303,36.352
-87.868,35.636
-85.128,36.56
-84.543,35.111
-85.495,36.158
-84.94,35.583
-84.527,35.88
-86.851,36.506
-86.441,35.878
-84.492,36.439
-85.401,35.362
-83.544,35.832
-89.927,35.133
-85.962,36.242
-87.815,36.481
-82.384,36.53
-86.488,36.436
-89.728,35.494
-86.164,36.392
-82.408,36.138
-83.814,36.265
-85.457,35.701
-85.801,35.693
-82.44,36.319
-87.787,35.236
-88.737,36.29
-85.478,35.93
-86.883,35.911
-86.337,36.176
-95.63,31.798
-102.59,32.339
-94.671,31.288
-97.048,28.048
-98.694,33.651
-101.37,35.007
-98.529,28.928
-96.239,29.854
-102.82,34.111
-99.118,29.722
-97.296,30.126
-99.254,33.605
-97.746,28.412
-97.52,31.076
-98.509,29.453
-98.382,30.242
-101.44,32.724
-97.612,31.889
-94.25,33.438
-95.398,29.206
-96.342,30.635
-103.4,29.994
-101.27,34.481
-98.207,27.099
-98.999,31.772
-96.616,30.444
-98.225,30.718
-97.669,29.815
-96.62,28.536
-99.371,32.326
-97.557,26.083
-95,32.984
-101.27,35.407
-94.323,33.077
-102.28,34.53
-94.678,29.752
-95.19,31.895
-100.21,34.473
-98.191,33.775
-102.79,33.655
-100.51,31.9
-99.442,31.824
-96.646,33.13
-100.24,34.926
-96.54,29.639
-98.228,29.779
-98.562,31.972
-99.878,31.335
-97.168,33.622
-97.809,31.307
-100.26,34.058
-102.45,31.44
-101.36,30.744
-101.32,33.624
-104.58,31.308
-102.66,36.192
-96.789,32.804
-101.94,32.743
-102.5,34.896
-95.71,33.389
-97.06,33.135
-97.333,29.092
-100.82,33.591
-99.755,28.463
-100.81,34.977
-98.514,27.713
-98.821,32.349
-102.43,31.867
-100.25,30.026
-96.798,32.391
-106.35,31.77
-98.233,32.214
-96.964,31.266
-96.151,33.558
-96.917,29.853
-100.4,32.766
-101.35,34.101
-99.759,33.986
-95.694,29.579
-95.21,33.097
-96.191,31.709
-99.112,28.883
-102.67,32.777
-94.939,29.388
-101.33,33.18
-98.926,30.281
-101.54,31.855
-97.398,28.685
-97.508,29.457
-100.86,35.438
-96.64,33.652
-94.801,32.491
-95.994,30.486
-97.994,29.594
-101.79,34.095
-100.66,34.535
-98.101,31.752
-101.31,36.273
-99.722,34.285
-94.33,30.325
-95.363,29.788
-94.353,32.549
-102.55,35.872
-99.786,33.206
-97.977,29.992
-100.27,35.816
-95.915,32.226
-98.16,26.242
-97.157,31.997
-102.37,33.622
-97.796,32.432
-95.582,33.128
-95.434,31.326
-101.44,32.238
-105.4,31.492
-96.085,33.111
-101.42,35.739
-100.97,31.285
-98.17,33.209
-96.572,28.922
-94.005,30.775
-104.13,30.68
-94.062,29.984
-98.702,27.127
-98.085,27.709
-97.337,32.402
-99.912,32.788
-97.866,28.882
-96.302,32.615
-98.731,29.898
-97.739,26.861
-100.72,33.239
-99.197,30.046
-99.749,30.51
-100.25,33.605
-100.44,29.305
-97.855,27.465
-99.718,33.534
-95.561,33.653
-102.36,34.058
-98.218,31.145
-99.162,28.354
-97.003,29.392
-96.947,30.272
-96.063,31.276
-94.847,30.162
-96.552,31.575
-100.29,36.294
-98.107,28.311
-98.555,30.706
-103.61,31.813
-101.85,33.57
-101.81,33.157
-99.34,31.157
-97.166,31.542
-98.538,28.356
-95.963,30.952
-94.417,32.789
-101.89,32.259
-99.213,30.75
-96.008,28.865
-100.39,28.743
-99.031,29.294
-99.81,30.897
-102.07,31.968
-97.006,30.78
-98.594,31.496
-100.89,32.344
-97.743,33.665
-95.465,30.265
-101.9,35.85
-94.712,33.059
-100.79,34.085
-94.629,31.631
-96.464,32.067
-93.738,30.845
-100.4,32.376
-97.459,27.747
-100.83,36.326
-102.56,35.38
-93.842,30.115
-98.263,32.754
-94.322,32.157
-97.767,32.778
-102.78,34.521
-102.75,30.932
-94.895,30.779
-101.84,35.257
-104.24,29.987
-95.8,32.88
-101.89,35.067
-101.51,31.349
-99.873,29.777
-95.058,33.612
-103.61,31.314
-97.21,28.288
-100.79,35.805
-96.58,30.981
-96.434,32.913
-99.979,31.816
-94.801,32.157
-93.857,31.339
-94.155,31.391
-95.142,30.599
-97.465,27.976
-98.801,31.169
-100.48,30.878
-100.96,32.692
-99.334,32.711
-94.135,31.821
-101.93,36.274
-95.297,32.335
-97.753,32.247
-98.774,26.453
-98.857,32.732
-101.05,31.818
-100.22,33.15
-100.6,30.505
-101.75,34.51
-97.266,32.764
-99.811,32.401
-102.13,30.232
-102.32,33.189
-99.2,33.158
-94.983,33.185
-100.47,31.441
-97.77,30.322
-95.205,31.009
-94.373,30.763
-94.946,32.711
-102.09,31.334
-99.733,29.282
-100.99,29.579
-95.817,32.574
-96.977,28.793
-95.529,30.74
-96.001,30.022
-103.02,31.518
-96.412,30.189
-99.39,27.592
-96.189,29.255
-100.28,35.362
-98.62,33.943
-99.245,34.098
-97.76,26.473
-97.673,30.597
-98.109,29.196
-103.1,31.841
-97.674,33.206
-95.376,32.771
-102.83,33.078
-98.659,33.211
-99.203,26.953
-99.761,28.857
-113,38.342
-112.48,41.596
-111.84,41.751
-110.77,39.627
-109.53,40.947
-111.94,41.004
-110.34,40.248
-110.86,39.16
-111.95,37.797
-109.47,38.823
-113.23,37.784
-112.35,39.701
-112.36,37.277
-112.86,39.1
-111.61,41.089
-112.09,38.334
-111.27,41.668
-111.92,40.656
-109.51,37.425
-111.6,39.39
-111.94,38.77
-111.27,40.829
-112.69,40.415
-109.58,40.279
-111.74,40.237
-111.37,40.45
-113.49,37.161
-111.34,38.309
-111.97,41.232
-73.168,44.033
-73.108,43.029
-72.096,44.458
-73.127,44.476
-71.745,44.721
-72.963,44.865
-73.3,44.816
-72.633,44.6
-72.375,43.996
-72.218,44.844
-73.053,43.595
-72.581,44.249
-72.669,42.999
-72.533,43.558
-75.635,37.797
-78.535,38.024
-79.971,37.785
-77.959,37.339
-79.143,37.589
-78.818,37.367
-77.108,38.88
-79.091,38.132
-79.746,38.045
-79.553,37.306
-81.126,37.132
-79.818,37.513
-77.859,36.761
-82.028,37.256
-78.525,37.569
-79.138,37.223
-77.383,38.033
-80.713,36.719
-77.072,37.345
-78.627,37.003
-77.546,37.42
-77.993,39.115
-80.206,37.47
-77.982,38.486
-78.268,37.504
-82.369,37.135
-77.613,37.098
-76.907,37.916
-77.25,38.841
-77.79,38.747
-80.355,36.914
-78.295,37.864
-79.857,37.008
-78.245,39.193
-80.723,37.324
-76.51,37.359
-77.868,37.701
-81.172,36.648
-78.458,38.292
-77.566,36.686
-78.926,36.731
-77.444,37.714
-77.477,37.585
-79.898,36.697
-79.567,38.383
-76.703,36.887
-76.752,37.296
-76.898,37.701
-77.152,38.292
-76.999,37.662
-76.45,37.697
-83.098,36.737
-77.569,39.065
-77.957,37.987
-78.222,36.946
-78.263,38.418
-76.323,37.44
-78.345,36.662
-76.489,37.596
-80.395,37.174
-78.867,37.787
-77.001,37.488
-75.93,37.359
-76.372,37.867
-78.07,37.13
-78.053,38.242
-78.488,38.613
-80.286,36.666
-79.407,36.824
-77.882,37.553
-78.429,37.25
-77.263,37.204
-77.41,38.696
-80.707,37.068
-78.168,38.687
-76.733,37.927
-80,37.25
-79.438,37.804
-78.844,38.467
-82.117,36.926
-82.594,36.699
-78.552,38.863
-81.554,36.831
-77.089,36.707
-77.598,38.213
-77.432,38.394
-76.894,37.112
-77.258,36.927
-81.569,37.142
-78.184,38.925
-81.959,36.713
-76.832,38.156
-82.624,36.953
-81.082,36.926
-76.504,37.194
-76.287,36.767
-77.403,37.262
-76.36,37.035
-76.485,37.071
-76.61,36.741
-76.087,36.834
-118.68,46.968
-117.12,46.306
-119.39,46.249
-120.42,47.64
-123.82,48.098
-122.55,45.692
-117.96,46.337
-122.75,46.173
-119.89,47.671
-118.52,48.495
-119.04,46.4
-117.55,46.408
-119.41,47.224
-123.77,47.065
-122.59,48.182
-123.19,47.858
-122.2,47.549
-122.64,47.616
-120.71,47.103
-120.96,45.862
-122.68,46.596
-118.38,47.605
-123.1,47.313
-119.58,48.535
-123.81,46.538
-117.28,48.452
-122.38,47.172
-122.97,48.575
-122.22,48.465
-121.95,45.901
-122.09,47.977
-117.38,47.667
-117.84,48.405
-122.85,46.969
-123.46,46.29
-118.41,46.129
-122.4,48.831
-117.39,46.921
-120.51,46.482
-80.008,39.129
-77.984,39.463
-81.734,38.063
-80.736,38.682
-80.591,40.296
-82.323,38.413
-81.107,38.861
-81.079,38.459
-80.719,39.28
-81.12,38.031
-80.846,38.933
-79.18,39.09
-80.508,37.901
-78.634,39.323
-80.575,40.505
-78.886,39.05
-80.342,39.297
-81.7,38.845
-77.842,39.304
-81.606,38.349
-80.483,39.015
-82.059,38.198
-81.952,37.84
-81.612,37.381
-80.198,39.5
-80.713,39.907
-82.043,38.822
-81.155,37.347
-78.936,39.433
-82.17,37.705
-79.995,39.635
-80.574,37.565
-78.274,39.567
-80.803,38.302
-80.676,40.079
-79.349,38.677
-81.175,39.378
-79.977,38.316
-79.672,39.472
-81.922,38.491
-81.228,37.771
-79.881,38.832
-81.066,39.2
-81.358,38.716
-80.846,37.681
-80.041,39.34
-79.597,39.129
-80.934,39.5
-80.234,38.949
-82.47,38.228
-80.435,38.496
-80.725,39.631
-81.385,39.019
-81.532,39.259
-81.54,37.617
-89.786,43.953
-90.722,46.338
-91.817,45.429
-91.195,46.536
-88.033,44.493
-91.753,44.377
-92.356,45.866
-88.212,44.112
-91.325,45.02
-90.588,44.755
-89.344,43.459
-90.982,43.197
-89.394,43.071
-88.705,43.414
-87.291,44.966
-91.939,46.525
-91.898,44.948
-91.414,44.776
-88.364,45.842
-88.492,43.755
-88.77,45.604
-90.667,42.876
-89.576,42.653
-89.031,43.818
-90.138,42.989
-90.204,46.284
-90.862,44.328
-88.784,43.043
-90.112,43.895
-87.952,42.569
-87.587,44.524
-91.189,43.859
-90.131,42.656
-89.092,45.24
-89.683,45.337
-87.759,44.102
-89.738,44.901
-87.94,45.307
-89.41,43.825
-88.649,44.937
-87.961,43.034
-90.591,43.939
-88.247,45.027
-89.502,45.72
-88.41,44.337
-87.945,43.329
-92.014,44.593
-92.464,44.735
-92.452,45.452
-89.522,44.487
-90.373,45.711
-87.964,42.736
-90.408,43.361
-89.049,42.654
-91.136,45.437
-92.507,45.028
-89.901,43.445
-91.251,45.907
-88.756,44.79
-87.855,43.73
-90.491,45.192
-91.351,44.316
-90.812,43.598
-89.532,46.025
-88.527,42.646
-91.813,45.878
-88.228,43.356
-88.256,43.036
-88.956,44.453
-89.252,44.113
-88.569,44.09
-89.969,44.449
-105.73,41.408
-108.07,44.537
-105.5,44.086
-106.91,41.699
-105.5,42.857
-104.64,44.562
-108.68,43.098
-104.32,42.085
-108.32,43.694
-106.59,44.073
-104.76,41.196
-110.69,42.22
-106.45,42.919
-104.48,43.03
-109,44.569
-104.95,42.191
-106.97,44.784
-109.99,42.751
-109.17,41.641
-110.67,43.612
-110.6,41.284
-107.73,43.96
-104.56,43.88
